{"41.56,-87.88,500": 31.40971721779785, "41.56,-87.82,500": 19.222804208564156, "41.56,-87.77,500": 13.974864564950051, "41.56,-87.72,500": 28.585150443737025, "41.56,-87.66,500": 26.749162538021125, "41.56,-87.61,500": 6.1613200485647015, "41.56,-87.56,500": 22.829235970023458, "41.56,-87.51,500": 44.63604092090738, "41.6,-87.88,500": 28.024857125410445, "41.6,-87.82,500": 39.03258570701048, "41.6,-87.77,500": 11.506576846706345, "41.6,-87.72,500": 14.652221434215667, "41.6,-87.66,500": 49.95919679509961, "41.6,-87.61,500": 36.32182123964872, "41.6,-87.56,500": 51.52274124001885, "41.6,-87.51,500": 47.73928219942394, "41.64,-87.88,500": 4.661515001518296, "41.64,-87.82,500": 19.500590740694772, "41.64,-87.77,500": 1.0803050678224295, "41.64,-87.72,500": 51.53871593640091, "41.64,-87.66,500": 26.960049983577502, "41.64,-87.61,500": 22.831987228741628, "41.64,-87.56,500": 22.143078659565173, "41.64,-87.51,500": 57.5929847935046, "41.68,-87.88,500": 2.941786274021615, "41.68,-87.82,500": 16.536984795159132, "41.68,-87.77,500": 59.70709789324689, "41.68,-87.72,500": 38.404338141585804, "41.68,-87.66,500": 61.16932372835087, "41.68,-87.61,500": 18.640254776360443, "41.68,-87.56,500": 15.793736317616192, "41.68,-87.51,500": 52.60158397380288, "41.72,-87.88,500": 15.005081713538665, "41.72,-87.82,500": 44.733701507129226, "41.72,-87.77,500": 59.62898737012144, "41.72,-87.72,500": 57.3046148143604, "41.72,-87.66,500": 46.830693919162385, "41.72,-87.61,500": 33.85412930926268, "41.72,-87.56,500": 31.44324999818008, "41.72,-87.51,500": 0.0, "41.76,-87.88,500": 46.509457103228904, "41.76,-87.82,500": 26.847187163136113, "41.76,-87.77,500": 21.97480642395623, "41.76,-87.72,500": 32.525208632897424, "41.76,-87.66,500": 42.22385879534648, "41.76,-87.61,500": 51.20361853175349, "41.76,-87.56,500": 37.2032732097905, "41.76,-87.51,500": 0.0, "41.8,-87.88,500": 34.360176656785065, "41.8,-87.82,500": 21.992170535564085, "41.8,-87.77,500": 28.541840076926167, "41.8,-87.72,500": 43.87535515765337, "41.8,-87.66,500": 37.971322717698456, "41.8,-87.61,500": 27.929836277024293, "41.8,-87.56,500": 0.0, "41.8,-87.51,500": 0.0, "41.83,-87.88,500": 17.85912732735518, "41.83,-87.82,500": 25.30799543730394, "41.83,-87.77,500": 38.96507190813001, "41.83,-87.72,500": 26.61769571865867, "41.83,-87.66,500": 32.797642030557704, "41.83,-87.61,500": 40.64483369965611, "41.83,-87.56,500": 0.0, "41.83,-87.51,500": 0.0, "41.87,-87.88,500": 60.60526803841332, "41.87,-87.82,500": 48.97745520964749, "41.87,-87.77,500": 44.08894946258934, "41.87,-87.72,500": 61.60333660376914, "41.87,-87.66,500": 41.50369093760484, "41.87,-87.61,500": 4.406383054487805, "41.87,-87.56,500": 0.0, "41.87,-87.51,500": 0.0, "41.91,-87.88,500": 53.25626146994544, "41.91,-87.82,500": 46.90804236961665, "41.91,-87.77,500": 51.04336067201006, "41.91,-87.72,500": 46.4826578906045, "41.91,-87.66,500": 47.42773816630105, "41.91,-87.61,500": 0.0, "41.91,-87.56,500": 0.0, "41.91,-87.51,500": 0.0, "41.95,-87.88,500": 48.08392254806776, "41.95,-87.82,500": 42.68705855718868, "41.95,-87.77,500": 57.2839077636106, "41.95,-87.72,500": 63.32299631305023, "41.95,-87.66,500": 43.08820513305677, "41.95,-87.61,500": 0.0, "41.95,-87.56,500": 0.0, "41.95,-87.51,500": 0.0, "41.99,-87.88,500": 49.47650911032062, "41.99,-87.82,500": 27.366198580449772, "41.99,-87.77,500": 23.627993329078343, "41.99,-87.72,500": 37.93372167993182, "41.99,-87.66,500": 39.04649954177018, "41.99,-87.61,500": 0.0, "41.99,-87.56,500": 0.0, "41.99,-87.51,500": 0.0, "42.03,-87.88,500": 26.95980981618973, "42.03,-87.82,500": 32.612609756511965, "42.03,-87.77,500": 40.86805099933213, "42.03,-87.72,500": 48.346649513328565, "42.03,-87.66,500": 0.0, "42.03,-87.61,500": 0.0, "42.03,-87.56,500": 0.0, "42.03,-87.51,500": 0.0, "42.07,-87.88,500": 8.684633135845388, "42.07,-87.82,500": 30.779645369571384, "42.07,-87.77,500": 17.24450825099255, "42.07,-87.72,500": 35.28900226016576, "42.07,-87.66,500": 0.0, "42.07,-87.61,500": 0.0, "42.07,-87.56,500": 0.0, "42.07,-87.51,500": 0.0, "42.11,-87.88,500": 20.088438956736066, "42.11,-87.82,500": 18.248816188181518, "42.11,-87.77,500": 32.37985404654181, "42.11,-87.72,500": 0.07410098589352103, "42.11,-87.66,500": 0.0, "42.11,-87.61,500": 0.0, "42.11,-87.56,500": 0.0, "42.11,-87.51,500": 0.0}