split,aqi_rmse,aqi_mae,aqi_r2,n_hours
val,17.581459045410156,12.653199195861816,-1.4165902137756348,363
test,,,,0
