column,nan_fraction,zero_fraction,min,max,mean,std,n
aqi_hat,0.0,0.0,13.51083278656006,201.0361175537109,40.07981358924322,12.785686891393905,921840
epoch,0.0,0.0,1704171600.0,1731823200.0,1717997400.0,7983372.8447363535,921840
pm25_hat,0.0,0.0,-7.560369491577148,-0.4050232172012329,-1.2903210372507965,0.4443502342427424,921840
