n,aqi_rmse,aqi_mae,aqi_r2
917310,13.553809528796402,10.087361898635471,0.21693203241808257
